,ReviewID,Generated
0,CD000567,There is insufficient evidence to recommend the use of crystalloid or isotonic solutions for resuscitation of patients with septic shock
1,CD005397,The results of this systematic review suggest that vestibular rehabilitation is an effective treatment for patients with BPPV
2,CD003893,The meta- analysis showed that isradipine and methyldopa are effective in reducing SBP and DBP in hypertensive patients with arterial hypertension
3,CD008591,This meta- analysis suggests that fluoxetine is an effective treatment for seasonal affective disorder (SAD ).
4,CD005046,"In conclusion, pneumatic dilatation is an effective treatment for achalasia and may be as effective as balloon dilation in relieving symptoms and improving barium pressure in the lower esophagus"
5,CD002968,This meta- analysis suggests that exercise training may improve glycaemic control in patients with type 2 diabetes
6,CD001005,There is insufficient evidence to support the effectiveness of educational interventions for the management of asthmatic patients with asthma.
7,CD004504,There is insufficient evidence to support or refute the use of Harpagophytum for the treatment of acute low back pain
8,CD003838,There is insufficient evidence to support or refute the use of long-term diuretics for the treatment of heart failure
9,CD004829,"There was no significant difference in pain scores between PCS and PAS during oocyte retrieval.
Conclusions PCS is a safe and effective method of perioperative analgesia for women undergoing IVF"
10,CD001815,There is insufficient evidence to recommend the use of erythromycin for the treatment of feeding intolerance in preterm infants
11,CD003673,The results of this systematic review support the use of indomethacin in the treatment of mild to moderately impaired patients with Alzheimer's disease
12,CD005276,There is insufficient evidence to support or refute the use of adjunctive intracameral 1% lidocaine for cataract surgery
13,CD002265,The results of this meta- analysis show that cyclophosphamide is more effective than IV Cy in the treatment of severe NPSLE
14,CD002053,There is insufficient evidence to support or refute the use of DTO and phenobarbital in the treatment of neonatal opioid withdrawal.
15,CD007066,There was no significant difference in the incidence of laboratory abnormalities between aliskiren and valsartan in terms of BP reduction.
16,CD000246,There is insufficient evidence to support or refute the use of antibiotics in women with intact membranes for the prevention of preterm birth
17,CD003804,"In conclusion, there is insufficient evidence to recommend the use of  ginseng  for metabolic control in patients with diabetes."
18,CD005129,This meta- analysis suggests that prophylaxis with CMV hyperimmunoglobulin is effective in reducing the incidence of primary cytomegalovirus infection in renal transplant recipients
19,CD005190,The results of this review support the use of psychotropic analgesic nitrous oxide (PAN ) as an adjunct to benzodiazepine therapy for alcohol withdrawal states
20,CD005009,The present study provides evidence that adjuvant androgen therapy after external beam radiation therapy (EBRT ) is superior to combined androgen ablation (CAD ) in the treatment of men with hormone-naive advanced prostate cancer
21,CD006469,The meta- analysis did not show a significant difference between the two regimens in terms of OS or PFS in patients with squamous cell carcinoma of the cervix
22,CD002988,"In conclusion, salbutamol is as effective as nebulised therapy in the treatment of severe acute asthma."
23,CD000254,There is insufficient evidence to support the use of  zinc-monocysteine  in the treatment of atrophic AMD.
24,CD003219,The results of this meta- analysis support the use of wrist splints in the management of carpal tunnel syndrome.
25,CD005421,"There was no significant effect on abstinence among adolescents who received the enhanced curriculum compared with those who did not receive enhanced curriculum.
Conclusion Parent-child interventions are effective in reducing adolescent sexual risk."
26,CD002009,There is no evidence of equivalence between once and thrice daily tobramycin for pulmonary pseudomonas infection in cystic fibrosis
27,CD005137,There is no evidence to support or refute the use of patching for amblyopia in children younger than 7 years.
28,CD005646,The results suggest that TMP-SMZ is an effective treatment for PCP prophylaxis in HIV-infected patients
29,CD001367,"There was no statistically significant difference between the two groups in recurrences of venous thromboembolism and mortality.
Conclusions The current evidence suggests that the optimal duration of oral anticoagulation after a first episode of thrombosis is not optimal."
30,CD004884,There is insufficient evidence to support or refute the use of prophylactic antibiotics in the treatment of meningitis after mild head injury
31,CD009755,There is insufficient evidence to recommend the use of multivitamin supplements at single doses of the Recommended Dietary Allowance (RDA) in decreasing adverse pregnancy outcomes among HIV-infected pregnant women in Tanzania
32,CD003764,There is no evidence to support the use of prophylactic antibiotics in the treatment of open fractures of the finger
33,CD001878,There is insufficient evidence to support or refute the use of manipulative therapy for the treatment of tension headache.
34,CD007298,The results of this meta- analysis suggest that calcium and vitamin D supplementation may have a beneficial effect on BMD in patients with cystic fibrosis
35,CD003341,There is insufficient evidence to justify the routine use of loading dose regimens for severe falciparum malaria
36,CD002200,There is no evidence that intensive surveillance improves survival after curative resection of colorectal cancer.
37,CD004198,InStilboestrol 5 mg daily was better than placebo in preventing attacks of priapism in patients with SSD.
38,CD008765,The results of this meta- analysis support the use of cytoreduction in the management of patients with residual disease.
39,CD007519,There is insufficient evidence to support the use of neurolytic plexus block for the treatment of pancreatic cancer pain
40,CD009190,"There was no significant effect on depressive psychopathology.
Conclusions There is insufficient evidence to support or refute the use of telephonic psycho-social support and adherence to PEP after rape."
41,CD008186,"There was no significant difference in the Berg Balance Scale score between the intervention and control groups in any of the secondary outcome measures.
In conclusion, there is insufficient evidence to recommend the use of aquatic physical therapy in the rehabilitation of people with ischaemic vascular accidents"
42,CD003032,"In conclusion, melatonin monotherapy is an effective treatment for typical absence seizures in children and adolescents with mental retardation with or without epilepsy"
43,CD005952,The results of this systematic review suggest that occupational therapy is an effective intervention to improve mobility in postacute stroke survivors
44,CD004136,"The meta- analysis showed that ACE inhibitors and angiotensin-converting enzyme inhibitors reduced the risk of microalbuminuria in patients with diabetes mellitus and hypertension.
However, there was no significant effect of ACE inhibitors on serum creatinine clearance."
45,CD003687,The results of this meta- analysis show that electrotherapies result in rapid plastic adaptation in the atrophied muscle of the forearm and forearm of rheumatoid arthritic hands
46,CD006161,"There was no significant difference in Apgar scores between the oxygen and oxygen groups in any of the subgroup analyses.
Conclusion There is insufficient evidence to support or refute the use of oxygen for caesarean section under spinal anaesthesia"
47,CD002208,There is insufficient evidence to support or refute the use of methadone as maintenance treatment for heroin users in the United States
48,CD003633,The results of this meta- analysis suggest that botulinum toxin is an effective treatment for spasmodic torticollis.
49,CD002047,"In conclusion, leflunomide is an effective and safe treatment for patients with active rheumatoid arthritis (RA )."
50,CD001419,There is no evidence that adjuvant chemotherapy improves disease-free survival in patients with extremity sarcoma
51,CD003594,"In conclusion, cyclosporine is an effective treatment for steroid-resistant SRNS in children and adolescents"
52,CD008890,"In conclusion, there is no evidence to support the use of intracystic chemotherapy for the treatment of polycystic craniopharyngitis."
53,CD000255,There is insufficient evidence to support or refute the use of anticoagulation for carotid dissection in patients with cervical artery dissection
54,CD000980,There is insufficient evidence to recommend the use of vitamin C for the prevention of the common cold.
55,CD001896,There is insufficient evidence to recommend the use of laparoscopic nerve ablation or expectant management for the treatment of dysmenorrhea
56,CD006771,There is no evidence to support the use of heparin in the treatment of deep venous thrombosis
57,CD002987,There is insufficient evidence to support or refute the use of low-dose troleandomycin for the treatment of asthmatic asthma.
58,CD000345,There is insufficient evidence to recommend the use of interferon in the treatment of patients with chronic hepatitis B
59,CD003852,There is insufficient evidence to support the use of Ginkgo biloba extract EGb 761 in the treatment of tinnitus
60,CD000483,There is no evidence that hypervolemic hyperdynamic therapy prevents symptomatic vasospasm in patients with subarachnoid hemorrhage
61,CD005950,The results suggest that mental practice may be an effective intervention in the rehabilitation of motor deficits in stroke patients.
62,CD004957,"We found no evidence of a difference in the length of hospital stay for patients who underwent hip replacement compared with those who did not undergo hip replacement.
Conclusions There is insufficient evidence to support or refute the use of hospital at home care for patients after hip replacement"
63,CD000297,We conclude that cyclosporine is an effective treatment for Crohn's disease in the short-term.
64,CD003147,There is insufficient evidence to support or refute the effectiveness of PEP in the treatment of patients with cystic fibrosis
65,CD003427,There is insufficient evidence to support continued prophylactic therapy with oral penicillin in children with sickle cell anemia
66,CD001024,This meta- analysis suggests that tamoxifen does not improve the survival of patients with hepatocellular carcinoma
67,CD005514,There is insufficient evidence to support the use of occlusal stabilization splints or palatal splints in the management of bruxism
68,CD003916,The results of this meta- analysis support the use of postoperative pelvic radiation therapy in intermediate- and intermediate-risk patients with endometrial cancer of high-intermediate risk
69,CD006639,"There was no significant effect of zinc supplementation on morbidity or mortality in children with HIV-1 infection.
Conclusions Zinc supplementation is effective in reducing morbidity and mortality in young children at risk of HIV infection"
70,CD001293,"There was no evidence of a significant effect of the intervention on smoking-related outcomes.
Conclusions There is insufficient evidence to support or refute the effectiveness of educational interventions to prevent smoking among adolescents."
71,CD001431,There is insufficient evidence to support or refute the use of decision aids to improve patient knowledge and decision-making
72,CD006667,The results of this meta- analysis suggest that recruitment maneuvers performed immediately following mechanical ventilation reduce mortality in patients with acute lung injury and acute respiratory distress syndrome.
73,CD006746,: laser peripheral iridotomy with or without iridoplasty is an effective treatment for eyes with synechial primary angle-closure glaucoma
74,CD004214,"Weaning from incubators to open cribs is safe and effective for preterm infants with a mean weight of 1,800 to 1,900 gm."
75,CD001066,"The meta- analysis revealed that there was no significant difference between the groups in leg circumference measurements between the two groups in terms of symptom relief.
There was no difference in the number of women subjectively improving after the ambulation period (Time 2 to Time 3). There was no evidence of a difference in symptom relief between the different groups in the period of ambulation or ambulation periods (Time 3 to Time 4). There were no significant differences in the effects of different types of relaxation techniques compared with the control group on symptom relief in late pregnancy."
76,CD008862,The results of this meta- analysis support the use of rTMS over the contralesional hemisphere in patients with stroke.
77,CD008871,"There was no significant difference in functional outcomes between RRP and BT for low-risk prostatic cancer (CaP ).
Radical retropubic prostatectomy is superior to brachytherapy in terms of oncological and functional outcomes"
78,CD002139,There is insufficient evidence to recommend adjuvant chemotherapy for the treatment of patients with locally advanced non-small cell lung cancer
79,CD007293,There is no evidence that preoperative medical testing before cataract surgery reduces the incidence of complications or the occurrence of serious medical events.
80,CD007718,"There was no significant difference in mortality between the intervention and control groups in any of the secondary outcomes.
Conclusions Telehealth is an effective intervention to improve health outcomes for patients with COPD"
81,CD008361,We found no evidence that NBI improved the detection rate of adenomas using white light compared with NBI.
82,CD001418,There was no significant difference in survival between carboplatin and cisplatin in patients with FIGO stage III or IV ovarian carcinoma.
83,CD003782,The results of this meta- analysis support the use of  pilocarpine  for the symptomatic treatment of  radiation-induced xerostomia.
84,CD003351,The present study demonstrates that ketamine is potentiated by potentiation of analgesia induced by spinal morphine.
85,CD004381,The results suggest that the use of a musically adapted version of social stories can be an effective and viable treatment for individuals with autism
86,CD002224,The results of this meta- analysis suggest that groin radiation is superior to groin dissection in patients with N0-1 inguinal nodes in carcinoma of the vulva
87,CD010292,"In conclusion, milnacipran 200 mg/day is an effective and safe treatment for pain and global status in patients with FM"
88,CD000116,There is no evidence that intrapartum fetal monitoring improves perinatal outcomes or operative interventions.
89,CD006945,The use of urate oxidase prophylactically reduces the risk of TLS and anuria in pediatric patients with hematologic malignancies
90,CD005413,The results of this meta- analysis support the use of interleukin-2 (IL-2 ) and interferon-alpha (IFN-alpha ) in combination with chemotherapy for patients with advanced melanoma
91,CD009154,"In the luteal phase of IVF-ET, progesterone supplementation was associated with a significantly higher pregnancy rate and live birth rate than intramuscular therapy alone."
92,CD001831,There is insufficient evidence to support the use of antihistamines alone or in combination with placebo for the treatment of cough associated with upper respiratory tract infection
93,CD007806,There is no evidence to support or refute the use of hydrogen peroxide (H2O2 ) or benzydamine hydrochloride (Difflam ) as analgesics for post-tonsillectomy pain relief
94,CD002982,The results of this meta- analysis support the use of psychosomatic interventions for asthmatics with asthma in general and in particular panic disorder.
95,CD006283,There is insufficient evidence to recommend the use of individualized neuromuscular re-education for Bell's palsy
96,CD005087,There was no significant difference in forced expiratory volume in one second (FEV1 ) or forced mid-expiratory flow (FEF(25-75)) between amiloride and placebo in any of the secondary endpoints evaluated in this systematic review
97,CD006484,There is insufficient evidence to recommend annual influenza vaccination in children with malignancy and chemotherapy-related conditions
98,CD004219,There was no significant difference in mortality or sepsis between the PCVL and PICC groups in terms of the number of skin punctures for iv access and total duration of IV therapy in VLBW infants
99,CD001998,There was no statistically significant difference between inpatient and outpatient management of symptomatic placenta previa in any of the included studies.
100,CD007294,The results of this meta- analysis support the use of carmustine wafers for the treatment of primary malignant glioma
101,CD003071,"In conclusion, epidural analgesia after total knee arthroplasty is superior to PCA in terms of pain relief and length of stay"
102,CD006943,There is insufficient evidence to recommend any form of treatment for cobert bacteriuria of childhood.
103,CD004376,We found moderate- quality evidence that isokinetic resistance training is effective in reducing pain and improving function in patients with osteoarthritis of the knee.
104,CD006168,The results of this review suggest that EMG biofeedback may be effective in reducing the pain experienced during childbirth in primigravids
105,CD004737,There was no significant difference in the incidence of postcesarean endometritis between manual and spontaneous removal of the placenta during cesarean section
106,CD005262,There is insufficient evidence to support the use of pentoxifylline for the treatment of intermittent claudication in patients with PAD
107,CD009275,There is insufficient evidence to recommend a low-glycemic index diet for the management of gestational diabetes mellitus
108,CD002255,"There was no significant difference in adverse maternal or neonatal outcomes between the two tocolytic agents.
Conclusions Nifedipine is as effective as ritodrine in the treatment of preterm labor."
109,CD005522,There is insufficient evidence to support or refute the use of tramadol or diclofenac in the treatment of osteoarthritis pain.
110,CD001694,There is no evidence that furosemide improves pulmonary mechanics in infants with evolving chronic lung disease.
111,CD004425,The results of this meta- analysis support the use of oral contraceptives containing estrogen and progestin in the treatment of acne vulgaris.
112,CD000305,There is insufficient evidence to recommend the use of heparin prophylaxis in the prevention of deep venous thrombosis in patients with hip fractures
113,CD008607,There is insufficient evidence to support or refute the use of corticosteroids in the treatment of VN
114,CD003917,There is insufficient evidence to support or refute the use of  dexrazoxane  for the prevention of anthracycline-induced cardiotoxicity
115,CD007224,In on-pump coronary artery bypass grafting is associated with a significant reduction in myocardial infarction and mortality in patients with coronary artery disease
116,CD003668,There was no significant effect of prone positioning on ventilatory oxygenation or oxygen desaturation in infants with CLD.
117,CD001487,The use of PTFE in above-knee bypass grafting is associated with acceptable long-term patency rates.
118,CD006400,This systematic review and meta- analysis suggests that the effects of a diet therapy for rheumatoid arthritis (RA ) are small and do not appear to be clinical ly significant
119,CD008302,This systematic review and meta- analysis showed that 131I post-surgical remnant ablation is similar to that obtained in hypothyroid patients prepared for 131I after L-thyroxine withdrawal
120,CD003275,There is insufficient evidence to support or refute the use of hydroxychloroquine for steroid sparing effects in steroid dependent patients
121,CD005181,The beneficial effect of interferon beta in secondary progressive MS remains unclear due to the small number of studies included in this systematic review.
122,CD003038,The meta- analysis showed that the combination of cephalosporins and amikacin was more effective than the monotherapy alone in the treatment of febrile episodes in patients with malignancy
123,CD007708,There is no evidence to support the use of nitroglycerin for the management of retained placenta
124,CD004746,"In conclusion, galantamine may be an effective treatment for vascular dementia in terms of improving global cognition and executive functioning."
125,CD006403,This meta- analysis demonstrated that AVA adsorbed is safe and effective in reducing local reactogenicity and injection site adverse events in healthy adults
126,CD003054,The results suggest that lifestyle interventions are effective in reducing the risk of type 2 diabetes in people with IGT
127,CD007771,This systematic review and meta- analysis showed that 1 alpha-OH-D3 is an effective and safe anti-inflammatory drug for the treatment of RA.
128,CD003159,"In nicergoline 30 mg b.i.d. in patients with leukoaraiosis, there was no statistically significant difference between the two groups in terms of global improvement.
Nicergoline was well tolerated and did not lead to any significant adverse events."
129,CD008288,The results of this meta- analysis support the use of Ayurvedic dietary supplements as an adjuvant to conventional treatments for type 2 diabetes mellitus
130,CD005508,There is insufficient evidence to support or refute the use of beta-adrenergic blockers in patients with chronic stable intermittent claudication
131,CD007926,There is insufficient evidence to support the use of adjuvant progestins for the treatment of advanced endometrial cancer
132,CD002230,There is insufficient evidence to support or refute the use of enoximone in the treatment of patients with moderate to severe heart failure
133,CD001112,There is insufficient evidence to support or refute the use of caffeine for bronchoprovocation challenge in asthmatics
134,CD010611,There is no evidence to support the use of divalproex sodium in the prophylaxis of migraine headache.
135,CD001275,The results of this review support the use of ultrasound/ultraviolet-C and laser for the treatment of pressure ulcers in spinal cord injury patients
136,CD002037,There is insufficient evidence to support or refute the use of multiple-drug maintenance regimens following induction therapy for HIV infection
137,CD001439,There is insufficient evidence to support the use of prophylactic antibiotics for appendicitis in the management of this condition
138,CD007617,The results of this review support the use of structured interventions to improve caregiver wellbeing and quality of life in patients with cancer and their families
139,CD005568,"In conclusion, the results of this meta- analysis support the use of erigeron injection for the treatment of patients with ACI"
140,CD006829,"In conclusion, FSC 250/50 is an effective and safe inhaled corticosteroid for the management of COPD exacerbations"
141,CD002784,"In conclusion, initial thrombolytic therapy may be an effective initial treatment for acute arterial obstruction of the legs"
142,CD006734,"There was no significant effect of breastfeeding on HIV-1 transmission.
Breastfeeding was associated with a lower risk of transmission compared with formula-fed infants."
143,CD006229,The meta- analysis showed that laparoscopic cholecystectomy is associated with a shorter period of hospital stay and a shorter hospital stay than mini-lap-cholecystectomies
144,CD001018,The results of this meta- analysis suggest that hormone replacement therapy  reduces body weight and serum cholesterol levels in postmenopausal women.
145,CD002008,There is insufficient evidence to support or refute the use of nutritional counseling in the management of malnutrition in patients with gastrointestinal disease
146,CD006790,This meta- analysis suggests that IFN-beta-1a is an effective and safe treatment for steroid-refractory ulcerative colitis.
147,CD007693,"There was no significant association between fluoride toothpaste use and dental fluorosis in the general population and the prevalence of caries or dental caries.
Conclusions There is insufficient evidence to support or refute the hypothesis that fluorosis is a risk factor for caries"
148,CD003881,There is insufficient evidence to support or refute the use of mid-urethral fat injections for women with intrinsic sphincter deficiency
149,CD008870,This meta- analysis shows that 5-ASA is an effective treatment for active Crohn's disease in the small bowel.
150,CD005102,This systematic review and meta- analysis supports the effectiveness of diet plus exercise interventions in preventing the development of the insulin resistance syndrome.
151,CD005496,There is insufficient evidence to support the use of probiotics for the prevention of necrotizing enterocolitis in preterm infants
152,CD004998,We found no evidence to support or refute the use of relaxation therapies as a sole treatment for anxiety or OCD.
153,CD003654,"There was no significant difference in all-cause mortality or myocardial infarction between the two classes of antihypertensives.
Conclusion There is insufficient evidence to support or refute the use of calcium channel blockers in the treatment of hypertensive patients"
154,CD008012,There is insufficient evidence to support or refute the use of antidepressants in the treatment of depression in patients with coronary artery disease
155,CD007214,There is insufficient evidence to support or refute the use of transcutaneous electrical nerve stimulation (TENS ) for pain relief in labour
156,CD009202,There is insufficient evidence to recommend the use of propofol or barbiturates in the treatment of refractory status epilepticus
157,CD004735,There was no statistically significant difference in the incidence of neonatal infections or antepartum hospitalization between expectantly and expectant management groups.
158,CD006002,This systematic review and meta- analysis suggests that interferon therapy is effective in the treatment of hepatitis D virus carriers with a chronic active hepatitis
159,CD000146,There is insufficient evidence to support the use of nicotine replacement therapy (NRTs ) as an adjunct to smoking cessation treatment.
160,CD003120,The results of this meta- analysis support the use of Ginkgo biloba extract EGb 761 in the treatment of patients with dementia of the Alzheimer type and multi-infarct dementia
161,CD002815,There is some evidence that the incorporation of external sensory cues in the rehabilitation of parkinsonian patients improves motor function and functional outcomes.
162,CD009192,There was no statistically significant difference between telephone and face-to-face notification in the proportion of HIV positive youth receiving HIV testing and counseling.
163,CD004081,There is no evidence to support the use of lidocaine prior to endotracheal extubation to reduce the incidence of postoperative sore throat and cough
164,CD002231,The results of this systematic review support the use of Phyllanthus amarus for the eradication of HBsAg from Thai adult asymptomatic chronic carriers of hepatitis B virus
165,CD003659,The results of this review suggest that face-washing is effective in reducing the prevalence of trachoma in Tanzania
166,CD002781,There was no significant difference in the incidence of caries with the use of any of the fluoride prophylactic interventions evaluated in this review
167,CD002892,The results suggest that psychological training programs can be effective in reducing burnout and TMD in long-term care workers.
168,CD008454,There was no evidence of a protective effect of NSAIDs on PD risk in the studies included in this review.
169,CD001342,There was no significant difference between anticoagulants and aspirin in the secondary prevention of ischemic stroke or death from vascular causes other than stroke.
170,CD001874,There is insufficient evidence to support the use of glossopharyngeal nerve blocks for postoperative pain relief
171,CD007610,There is insufficient evidence to support or refute the use of integrated footcare as a screening test for diabetic foot complications
172,CD006378,There is insufficient evidence to support or refute the use of NSAIDs for the prevention of cognitive decline in AD patients
173,CD004740,There is no evidence to support or refute the use of any specific antibiotic in the treatment of otitis externa
174,CD004678,The results of this meta- analysis support the use of oral Cop 1 in patients with relapsing-remitting multiple sclerosis (MS). This drug is safe and effective
175,CD002271,There is no evidence that continuous positive airway pressure therapy reduces the need for up-transfer of infants with respiratory distress to non-tertiary centers
176,CD004585,"In conclusion, there is insufficient evidence to support or refute the use of electromyographic feedback in the rehabilitation of the hemiplegic upper limb"
177,CD006505,"There was no significant difference in seroconversion between vaccinated and uninfected children in terms of serum response to influenza vaccine.
Conclusions The present study suggests that influenza vaccine is safe and effective in the treatment of oncohematological malignancies"
178,CD003264,The results of this meta- analysis support the use of recombinant human growth hormone (rhGH ) for the improvement of height in children with chronic renal failure and severe growth retardation
179,CD007986,The meta- analysis did not show a significant effect of supplementation with omega-3 fatty acids on ADHD symptoms in children aged 6-12 years.
180,CD006193,This meta- analysis shows that cemented fixation is superior to uncemented fixation in terms of inducible displacement at one year postoperatively.
181,CD001539,There is insufficient evidence to support or refute the effectiveness of  consultation audiotapes  in improving patient satisfaction and quality of life.
182,CD002911,There is insufficient evidence to support or refute the use of alarm in the treatment of primary nocturnal enuresis
183,CD001490,There is no evidence to support the routine use of magnesium sulfate as an adjunct therapy to beta-agonists in patients with moderate to severe asthma
184,CD005616,We conclude that there is insufficient evidence to support or refute the use of splints for de Quervain's disease of pregnancy and lactation.
185,CD005506,"In ondansetron, a 5-HT3 receptor antagonist, reduces the frequency of vomiting in children with gastroenteritis and dehydration."
186,CD003075,There was no significant effect of verapamil on arterial wall thickness in patients with POAD and subclinical PAD.
187,CD006309,The results of this review support the use of interpersonal psychotherapy as a first-line treatment for depression during pregnancy for depressed pregnant women
188,CD009153,There is insufficient evidence to support or refute the use of antiretroviral therapy to reduce the risk of HIV-1 transmission
189,CD005539,"There was no significant difference in the number of patients with pressure sores or weight loss.
Conclusions Nutrition screening tools have the potential to improve nutritional care in older persons."
190,CD001715,There was no significant difference in EPS-related adverse events between sertindole and haloperidol-treated patients in any of the meta-regression analyses. Conclusion Sertindol 20 mg/day is effective and well tolerated in patients with schizophrenia
191,CD004487,"There was no statistically significant difference between active and non-active treatments for pain intensity or duration of action.
There were no significant differences in efficacy between active treatments and placebo in terms of the number of adverse events reported."
192,CD003543,There is insufficient evidence to support or refute the effectiveness of interventions to reduce antibiotic use in hospital setting s. There is limited evidence that interventions to limit antibiotic use lead to a reduction in antibiotic use.
193,CD008351,There is insufficient evidence to support or refute the use of Flutter Valve or ELTGOL in non-cystic fibrosis bronchiectasis
194,CD000168,There is insufficient evidence to support or refute the routine use of preoperative skin traction for hip fractures.
195,CD003123,There is no evidence to support the use of nebulized epinephrine or dexamethasone in the treatment of infants with acute bronchiolitis
196,CD006853,There is insufficient evidence to support or refute the use of long-term physical training for the treatment of rheumatoid arthritis
197,CD006972,The meta- analysis did not show a significant effect of initial L-thyroxine dose on neurodevelopmental outcomes.
198,CD000525,There was no significant difference in CGI scores between zuclopenthixol acetate and haloperidol in the management of the acutely disturbed schizophrenic
199,CD001266,There is insufficient evidence to recommend the use of nebulized albuterol or racemic epinephrine in the management of infants with acute bronchiolitis
200,CD003772,There is no evidence to support or refute the use of cephalosporins for the treatment of children with pyelonephritis.
201,CD009461,This systematic review and meta- analysis suggests that hysteroscopic polypectomy before IUI is an effective treatment for endometrial polyps in infertile women
202,CD007668,This review provides evidence for the effectiveness of CBT for the treatment of people with borderline personality disorder (ASPD ).
203,CD006883,There is no evidence that prophylactic administration of tranexamic acid reduces blood loss and transfusion requirements in pediatric patients undergoing spinal fusion surgery
204,CD004409,The evaluation of a hostel ward for long-stay patients results in a significant reduction in psychotic impairments compared with the control group.
205,CD002828,There is insufficient evidence to recommend the use of IVMP for the treatment of myasthenia gravis
206,CD005463,The most effective intervention was parent-child interaction therapy (PCIT ) in preventing re-reports of physical abuse among physically abused parents.
207,CD006772,There is insufficient evidence to support the effectiveness of nurse-led interventions in secondary prevention of coronary heart disease in general practice
208,CD000996,"There was no significant difference in exacerbation frequency, forced expiratory volume in 1 second, forced vital capacity, or sputum purulence score.
Inhalatory fluticasone propionate is effective in reducing eNO levels in patients with stable-state bronchiectasis"
209,CD003422,The results of this meta- analysis show that carbogen ombined with drugs is superior to placebo in the treatment of sudden deafness
210,CD006455,The results of this meta- analysis support the use of creatine (5 g/day ) as a protective agent against the progression of Huntington disease.
211,CD004170,There is insufficient evidence to recommend the routine use of inpatient rehabilitation after a traumatic brain injury (TBI ).
212,CD002964,The Keys to Caregiving program showed promise as a way to improve mealtime communication and infant cognitive development among adolescents and their parents
213,CD004787,The meta- analysis showed no survival benefit of chemoembolization for unresectable hepatocellular carcinoma (HCC ) complicated by portal vein tumor thrombosis.
214,CD004362,There is insufficient evidence to support or refute the use of haloperidol or carbamazepine as adjunctive therapy to lithium for the treatment of mania
215,CD001983,There is insufficient evidence to support the use of long-term corticosteroid therapy to prevent osteoporosis in steroid-dependent asthmatics
216,CD003243,The meta- analysis suggests that laparoscopic antireflux surgery is superior to proton pump inhibitors for the management of patients with GORD
217,CD006956,There is no clear advantage of laparoscopic over open ileocolic resection for Crohn's disease
218,CD007350,There is insufficient evidence to support the use of lenalidomide in the treatment of Crohn's disease
219,CD004194,There is insufficient evidence to recommend or refute the use of cardiac pacing for the prevention of syncope in patients with vasovagal syncope
220,CD003225,"This meta- analysis showed that propranolol significantly reduced the frequency of migraine attacks compared with placebo.
In addition to this, there was no statistically significant difference in the number of adverse events between the two drugs"
221,CD006251,There is insufficient evidence to support the effectiveness of implemented prevention programmes in reducing the risk of occupational injuries.
222,CD002873,There is insufficient evidence to support or refute the use of beta 2 agonists in the treatment of wheezy infants
223,CD008586,The results of this meta- analysis support the use of phenytoin monotherapy for postoperative control of glioma-related seizures.
224,CD006726,The results of this review support the use of narrative exposure therapy for children and adolescents with PTSD in the post-traumatic stress disorder setting
225,CD009274,The results of this meta- analysis support the use of topical corticosteroids in the management of rhinosinusitis
226,CD006355,There is insufficient evidence to recommend the use of topical topical glyceryl trinitrate in the management of shoulder pain in patients with RCT
227,CD006728,There is insufficient evidence to support the use of family therapy as adjunctive treatment to pharmacotherapy for patients with major affective disorder
228,CD000934,We found no evidence that reduced antenatal visits result ed in a reduction in perinatal morbidity or mortality.
229,CD002217,There is insufficient evidence to support or refute the use of any of the drugs as monotherapy for childhood epilepsy in India
230,CD002055,"There was no significant difference in mortality between the treatment and control groups for any of the secondary outcomes ( death or chronic lung disease ).
Conclusions There is insufficient evidence to support or refute the use of any particular therapy for preterm infants with RDS"
231,CD005237,There is insufficient evidence to support the use of atypical antipsychotics in the management of schizophrenia or schizoaffective disorder.
232,CD004604,"The meta- analysis showed that rofecoxib 50 mg was superior to placebo in terms of peak analgesia and global assessment of response to therapy (TOPAR8 ).
In terms of overall analgesic efficacy, the results of this study support the use of COX-2 inhibitors for oral surgery"
233,CD003937,There is insufficient evidence to support the use of Chinese herbs for the treatment of DSPN in patients with HIV-associated disease
234,CD004207,There was no significant difference in the need for phototherapy between SnMP and PT infants in terms of the number of bilirubin determinations required for monitoring hyperbilirubinemia compared with PT infants
235,CD000948,There was no significant difference in the incidence of atelectasis or atimeasis between OT and NT intubation in neonates requiring ventilatory assistance.
236,CD000143,There is insufficient evidence to support elective use of CPAP for extubation of VLBW infants
237,CD006385,There is insufficient evidence to support or refute the effectiveness of arthroscopy or lavage for the treatment of TMJ closed lock
238,CD005006,"In conclusion, epirubicin is as effective as doxorubicine in first-line treatment of advanced breast cancer and has comparable antitumor efficacy"
239,CD002179,There is a protective effect of oxatomide in the treatment of asthmatic children with seasonal asthma.
240,CD005203,The results of this meta- analysis support the use of exclusion diets in the management of eczema in infants with cow's milk allergy.
241,CD008253,The results of this study suggest that betamethasone nasal drops are effective in reducing polyp size in adults with cystic fibrosis.
242,CD002122,"There was no significant difference in the incidence of dysmenorrhoea between depot medroxyprogesterone acetate and other progestogen only drugs.
Dienogestrel is an effective treatment for pelvic pain in women with confirmed endometriosis"
243,CD008838,We conclude that venom immunotherapy is effective in reducing the size and duration of large local reactions in children allergic to ant venom stings
244,CD005542,There is no evidence to support the use of intensified traditional insulin therapy or micropump therapy in the management of pregnant women with type I diabetes
245,CD000074,"Theophylline and doxapram were associated with a significant short-term reduction in the incidence of apnea of prematurity compared with placebo.
No significant differences were found in the risk of tracheal intubation"
246,CD007124,There is no evidence that slow-release carbamazepine is superior to immediate-release CBZ in terms of efficacy and safety
247,CD006122,The results of this meta- analysis suggest that low-fat nutrition support is effective in reducing infectious morbidity and length of stay in burn patients
248,CD006715,"In conclusion, thoracic epidural analgesia is effective in reducing the incidence of cardiac arrhythmias and myocardial ischemia in cardiac surgery patients"
249,CD006332,The use of naloxone in patients with opioid-induced constipation does not appear to be associated with an increased risk of adverse events
250,CD004020,There is insufficient evidence to recommend the use of any particular type of insole for the treatment of OA of the knee
251,CD000220,There is no evidence that metronidazole reduces the risk of preterm delivery in women with asymptomatic trichomoniasis
252,CD007289,This meta- analysis suggests that prophylactic chemotherapy is effective in reducing the incidence of persistent trophoblastic disease in high-risk patients
253,CD008112,There is insufficient evidence to recommend the use of any one type of therapy for low back pain in primary care setting
254,CD002282,The results of this study suggest that glass ionomer cement (GIC)-based orthodontic bonding material is superior to acrylic resin in terms of cariostatic potential
255,CD007404,The results of this meta- analysis support the use of calcitonin in patients with a histologically confirmed central giant cell granuloma of the jaw
256,CD006268,There is no evidence to support or refute the use of sedation with propofol or midazolam for colonoscopy
257,CD005373,There is insufficient evidence to support or refute the use of salbutamol or beclomethasone to reduce the frequency of cough in children with asthma
258,CD006963,This systematic review and meta- analysis showed that there is no significant difference in the stability after bilateral vertical ramus osteotomy with and without osteosynthesis.
259,CD003042,We conclude that neither milking nor stripping is necessary for the proper care of chest tubes after myocardial revascularization
260,CD003472,This systematic review and meta- analysis suggests that there is no difference in the effectiveness of   isokinetic  treatment  for  chondromalacia patella.
261,CD009593,The Xpert MTB/RIF assay demonstrated high sensitivity and specificity for detecting MTC and rifampin resistance in culture-positive and culture-negative patients
262,CD003212,There was no statistically significant difference in the incidence of apnea/bradycardia in the nSIMV group compared with the nCPAP group in the immediate postextubation period
263,CD006133,"The meta- analysis did not show a significant effect of any of the preparations on glycemic control or insulin sensitivity.
In conclusion, there is insufficient evidence to support or refute the use of any oral contraceptive for women with diabetes"
264,CD005538,There is insufficient evidence to support or refute the use of  diclofenac  for analgesia in children undergoing surgery.
265,CD006665,The systematic review and meta- analysis showed that 1000 mg ascorbic acid is effective in reducing the mortality of tetanus in the general population.
266,CD002752,"There was no significant difference between the intervention and control groups in all-cause mortality and hospital readmission rates.
Conclusions There is insufficient evidence to support or refute the effectiveness of a comprehensive hospital discharge and outpatient management program for heart failure patients"
267,CD001332,There is a lack of evidence to support the use of antispastic drugs for spasticity in patients with MS
268,CD006655,There is no evidence to support the use of laparoscopy for early stage endometrial cancer
269,CD002246,There is insufficient evidence to determine the effectiveness of home safety interventions in reducing injuries related to burns and other home hazards
270,CD001782,There was no significant difference in adverse effects between treatment and control groups in terms of grade of improvement or severity of photodamage or skin irritation.
271,CD007566,The results of this meta- analysis support the use of aerobic exercise as an intervention for improving quality of life in cancer survivors.
272,CD003096,There is insufficient evidence to recommend any of the following management strategies in women with preterm uterine contractions
273,CD001984,The results of this meta- analysis support the use of cognitive-behavioural interventions in the treatment of fibromyalgia.
274,CD003231,"The meta- analysis showed no significant differences in efficacy between the two strains of immunomodulator bacillus Calmette-Guérin RIVM in the treatment of pTA/pT1 papillary carcinoma and CIS of the urinary bladder after transurethral resection (TUR). There was no significant difference in the efficacy of the two treatments in terms of recurrence rate and disease-free interval.
In conclusion, there is insufficient evidence to recommend the use of intravesical chemotherapy with chemotherapeutic agents in the management of superficial bladder cancer"
275,CD006197,The results of this meta- analysis support the use of DHEA as an adjunct to existing antipsychotic medication in the management of schizophrenia symptoms and adverse effects
276,CD004181,There is insufficient evidence to support the routine use of immunoglobulin prophylaxis in the prevention of hepatitis A in the IDF
277,CD009379,There is no evidence to support the use of amniotic membrane transplantation as an adjunct to medical therapy in the treatment of patients with severe burns
278,CD000405,There is insufficient evidence to support the prophylactic use of oral gentamicin in the prevention of neonatal necrotising enterocolitis
279,CD002786,There is no evidence to support the use of ticlopidine for the prevention of graft thrombosis in patients on hemodialysis
280,CD003266,The results of this meta- analysis indicate that erythropoietin is an effective treatment for anemia in predialysis patients with anemia of ≥30 %.
281,CD006097,The results of this review support the use of natalizumab as induction and maintenance therapy for Crohn's disease.
282,CD004447,There is insufficient evidence to support or refute the hypothesis that growth hormone deficiency causes short stature in children with X-linked hypophosphatemia
283,CD004481,There is insufficient evidence to support the use of colchicine or methotrexate in primary biliary cirrhosis
284,CD001162,"There was no significant difference in the global improvement rating between sulpiride and bromperidol or perphenazine.
There were no significant differences in adverse effects between the two drugs in terms of global improvement and global improvement ratings."
285,CD002855,"There was no significant difference in the rate of complete abortion with mifepristone or vaginal misoprostol.
There were no significant differences in the rates of failure to complete abortion or ongoing pregnancy."
286,CD004572,There is insufficient evidence to support or refute the use of aldose reductase inhibitors for the treatment of diabetic neuropathy
287,CD006432,This systematic review and meta- analysis supports the use of bilateral training for improving upper extremity motor performance in patients with stroke
288,CD000972,We conclude that high-dose dexamethasone should no longer be used in patients with strictly defined cerebral malaria
289,CD005944,There is insufficient evidence to determine the effect of vitamin A supplementation on infant mortality or morbidity in developing countries
290,CD008493,The meta- analysis showed that preoperative use of atorvastatin significantly reduced the incidence of postoperative AF after off-pump CABG
291,CD003581,There is insufficient evidence to support or refute the effectiveness of the West Los Angeles Preterm Birth Prevention Project  in reducing preterm birth rates in high-risk women
292,CD009072,There is insufficient evidence to support the use of photochemically treated PLTs for the treatment of thrombocytopenia
293,CD005042,The results of this meta- analysis support the use of psychostimulants and community-based medication management to improve symptoms in children with ADHD Combined Type
294,CD001168,There is insufficient evidence to recommend the use of topical corticosteroids in the treatment of OLP
295,CD004611,There is insufficient evidence to support or refute the use of S boulardii in combination with other antibiotics for recurrent CDD
296,CD003770,"In conclusion, adjuvant hepatic arterial infusion (HAI ) is a promising treatment option for patients with liver metastases from colorectal carcinoma"
297,CD004751,The meta- analysis showed that operative laparoscopy is more effective than laparotomy in the management of benign adnexal cysts.
298,CD001351,The results of this systematic review suggest that acupuncture is an effective treatment for chronic low back pain in the short-term.
299,CD005486,The results of this systematic review suggest that silver-releasing dressings are effective in the management of chronic wounds
300,CD005208,The safety profile of abciximab was similar to that of placebo in terms of symptomatic and asymptomatic hemorrhage.
301,CD001055,There is insufficient evidence to support or refute the effectiveness of smoking cessation interventions in pregnancy and postpartum.
302,CD001939,The results of this systematic review support the use of branched-chain amino acids in the treatment of hepatic encephalopathy.
303,CD004878,There is insufficient evidence to recommend the use of dexamethasone for the treatment of acute bronchiolitis
304,CD010610,"There is insufficient evidence to recommend topiramate as a preventive treatment for migraine with or without aura.
Topiramate may be an effective treatment for patients with moderate to severe migraine"
305,CD002869,"There was no significant effect of the intervention on maternal health.
Conclusion The results of this meta- analysis suggest that prenatal education and support programs are effective in increasing women's knowledge of risk conditions and their satisfaction with prenatal care."
306,CD006386,This meta- analysis suggests that adjuvant chemotherapy for head and neck cancer is superior to radiotherapy alone in terms of disease-free survival.
307,CD009415,"In conclusion, zinc supplementation is effective in reducing the mean height velocity in beta-thalassemia major patients and improving serum testosterone levels in patients with sickle cell disease"
308,CD006907,"There was no difference in perinatal and maternal complications between tight and tight control groups.
Conclusions Tight control of hypertension in pregnancy results in a significant reduction in diastolic blood pressure (dBP ) in women with nonsevere hypertension."
309,CD004317,There is insufficient evidence to support or refute the use of daily text-message reminders to improve contraceptive pill adherence.
310,CD000460,There is no evidence of an association between tartrazine sensitivity and ASA idiosyncrasy in asthmatic patients
311,CD009308,"There was no significant effect of the Parent Who Care program on adolescent substance use risk and protective factors.
Conclusion Parent-child programs are effective in preventing adolescent alcohol use among adolescents."
312,CD004979,"There was no significant difference in referral or admission rates between the two groups.
Oral amoxicillin and parenteral penicillin are equivalent in the treatment of community-acquired pneumonia in young Gambian children aged 3 to 59 months"
313,CD002760,There is insufficient evidence to recommend the use of ibuprofen or dihydrocodeine in the treatment of postoperative pain following third molar removal
314,CD006194,"This systematic review and meta- analysis suggests that external fixation of fractures of the distal radius has a positive effect on functional outcome.
However, there is insufficient evidence to support the use of external fixation for these fractures"
315,CD005523,There is insufficient evidence to support or refute the use of  electro-acupuncture  for the treatment of  osteoarthritis in the hip.
316,CD008510,There is no evidence to support or refute the use of ZBD in the treatment of women with early threatened abortion with dark area surrounding pregnancy sac
317,CD006533,The efficacy of duloxetine and escitalopram in the acute treatment of major depressive disorder was not different between the two treatments
318,CD003978,"There was no significant difference in gait efficiency between SACH and SACH in terms of energy expenditure or gait speed.
Conclusions This systematic review and meta- analysis suggests that the SACH foot has the greatest effect on gait performance in comparison with the other types of foot design."
319,CD007024,The results of this meta- analysis suggest that disulfiram may be an effective treatment for cocaine dependence in buprenorphine-maintained patients
320,CD005582,There is insufficient evidence to support or refute the use of acyclovir for the treatment of herpes zoster.
321,CD003026,"In conclusion, olanzapine and haloperidol were efficacious in the treatment of patients with amphetamine psychosis."
322,CD008391,The results of this meta- analysis suggest that cognitive rehabilitation is effective in improving executive functioning in people with traumatic brain injury.
323,CD006717,There is insufficient evidence to support or refute the use of  patella taping  in the treatment of patellofemoral pain.
324,CD004908,There was no significant difference in efficacy between fenoprofen and codeine for postpartum uterine pain or episiotomy pain
325,CD003794,"There was no significant difference in FEV(1 ) between the active and placebo components in any of the secondary outcomes.
In conclusion, the current evidence supports the use of short-acting beta(2)-agonists in the management of COPD."
326,CD000536,There is insufficient evidence to support or refute the use of heparin for infrainguinal bypass surgery
327,CD002068,There is insufficient evidence to support or refute the use of oral clodronate for the treatment of bone pain in patients with metastases from breast cancer
328,CD000369,There is no evidence to support the use of natural beta interferon in the treatment of hepatitis C
329,CD001073,The results of this review support the use of D-penicillamine in the neonatal period to prevent retinopathy of prematurity in infants with low birthweight
330,CD007712,This systematic review and meta- analysis suggests that VVBP circuit surface heparinization can protect the kidneys during liver transplantation
331,CD005214,"The most common adverse events were amenorrhoea and Amenorrhoesa.
Conclusions and Relevance of injectable progestogen-only contraceptives in Assiut, Egypt.
There is no evidence to support or refute the use of DMPA for fertility termination"
332,CD002992,The meta- analysis showed no significant effect of beta-blockers on pulmonary function and FEV1 in asthmatics
333,CD001943,There was no significant difference between loxapine and trifluoperazine in terms of global severity of illness or adverse effects.
334,CD004791,"In conclusion, norfloxacin is effective in the prophylaxis of SBP in patients with cirrhosis and ascites"
335,CD003541,The results of this systematic review suggest that process consultation is an effective way to reduce stress among nurses in China and internationally
336,CD001946,There is insufficient evidence to support the use of propranolol as an adjunct to anticholinergic medication in the treatment of schizophrenia
337,CD006101,"There was no significant difference in the use of rescue salbutamol.
Conclusion Inhaled formoterol is an effective beta-agonist bronchodilator in the treatment of stable COPD."
338,CD008424,The results of this systematic review and meta- analysis support the use of curcumin as maintenance therapy in patients with quiescent UC
339,CD007428,The use of Knowles pins and plates in the treatment of mid-third clavicle nonunion is associated with a shorter time to union than plate fixation in this population
340,CD006616,"In conclusion, N-acetylcysteine is effective in reducing mortality in patients with severe sepsis."
341,CD003051,There is no evidence to support the routine use of surgical lung sealants for the treatment of alveolar air leaks after pulmonary lobectomy
342,CD004685,There is insufficient evidence to recommend the use of oral terbinafine or griseofulvin for the treatment of tinea capitis
343,CD008643,There is insufficient evidence to support or refute the routine use of lumbar spine radiography for the diagnosis of low back pain.
344,CD005365,There is insufficient evidence to support the use of antibiotic prophylaxis in the prevention of shunt infection after shunt surgery
345,CD002085,There is limited evidence to support the effectiveness of orientation statements plus phone prompt for reducing the number of people failing to attend an intake appointment at a community mental health center.
346,CD007579,The meta- analysis showed that prophylactic ondansetron was effective in reducing the incidence of intraoperative nausea and vomiting and the severity of postoperative emetic symptoms.
347,CD000409,This review suggests that educational interventions can improve the quality of care in primary care setting s. There is no evidence to support or refute the effectiveness of educational interventions in improving patient outcomes
348,CD003863,There is no evidence to support the use of shoulder strapping to prevent post-stroke shoulder pain in stroke patients
349,CD001900,There is no evidence to support or refute the use of this method in add-on trials of antiepileptic drugs
350,CD010256,There is no evidence to support the use of intravenous aminophylline in the treatment of asthma in children with asthma
351,CD001069,There is insufficient evidence to support or refute the use of sucrose or water for pain relief in term infants undergoing heel lances
352,CD005083,There is insufficient evidence to support or refute the use of honey as wound dressings in patients with superficial burns.
353,CD004571,There is insufficient evidence to support or refute the use of calcium channel blockers in the treatment of DMD
354,CD009109,There is insufficient evidence to support or refute the use of composite restorations for premolars with metal-ceramic crowns
355,CD000123,"In conclusion, policosanol and lovastatin appear to be effective in improving walking performance in patients with stable claudication"
356,CD005609,There was no consensus on the most effective way to improve the reporting process for surgical patients and their families.
357,CD002277,There is insufficient evidence to determine the optimal dose of i.v.Ig for the treatment of MG exacerbation
358,CD003200,There was no evidence of a difference between graded exercise and control in any of the other outcomes assessed (W.kg(-1)) (P<0.001). There was no difference in the number of patients who received graded exercise compared with control treatment (P < 0.05).CONCLUSIONS Grading exercise is effective in the management of patients with chronic fatigue syndrome.
359,CD003700,There is insufficient evidence to recommend the use of vitamin A as an adjunct to the standard antimicrobial treatment for childhood pneumonia.
360,CD003034,There was no significant difference in perioperative outcomes between clip and control groups with respect to surgeon preference and peri-operative outcomes.
361,CD008107,The meta- analysis did not show a survival benefit of preoperative chemotherapy for esophageal cancer of the lower esophagus
362,CD007166,The results of this systematic review support the use of levodopa as an adjunctive therapy for parkinsonian patients with motor fluctuations.
363,CD003139,The results of this meta- analysis support the use of high-dose chemotherapy as adjuvant therapy for breast cancer with multiple axillary-node metastases.
364,CD003709,The meta- analysis did not show a significant effect of norepinephrine on 28-day mortality in septic shock
365,CD009404,The results suggest that an educational program can be effective in reducing the incidence of wrong-site tooth extraction at an outpatient level
366,CD004366,The results of this systematic review suggest that exercise may be an effective treatment for depression in older people with clinical depression.
367,CD002280,There is insufficient evidence to support the routine use of APF gel in the prevention of dental caries in children at caries risk
368,CD004538,The results of this meta- analysis suggest that the public release of hospital report cards on cardiac quality indicators does not influence hospital volume.
369,CD003421,There is no evidence that calcium channel blockers prevent post-transplant tubular necrosis in cadaveric kidney transplant patients
370,CD006069,There was no significant difference in the incidence of being alive without bronchopulmonary dysplasia (BPD ) through 28 days of age between lucinactant and poractant alfa.
371,CD004115,The use of mesalazine in the treatment of active distal ulcerative colitis is efficacious and safe
372,CD004277,There is no evidence to support or refute the use of cyclosporine in the treatment of severe attacks of ulcerative colitis.
373,CD003260,The results of this systematic review support the use of cognitive rehabilitation as a treatment for mild cognitive impairment in AD patients
374,CD002896,"In conclusion, Vagus nerve stimulation is an effective and safe adjunctive treatment for patients with refractory partial-onset epilepsy"
375,CD006373,"The results of this systematic review suggest that voice therapy is an effective treatment for teachers with voice problems.
However, there is insufficient evidence to support its use as a therapeutic tool"
376,CD006660,There is insufficient evidence to support or refute the use of SBD for the prevention of postoperative bacterial and fungal infections following liver transplantation
377,CD002095,The meta- analysis showed that omeprazole 20 mg once daily was more effective than placebo in treating heartburn in patients with non-erosive gastro-oesophageal reflux disease (GERD )
378,CD001543,The Shouldice and Shouldice repairs are comparable in terms of the recurrence rate and the percentage of patients who return to work within one year after surgery.
379,CD004929,There is insufficient evidence to recommend the routine use of nasogastric decompression after elective abdominal surgery for patients with paralytic ileus
380,CD003005,There is no evidence that caudal analgesia is superior to intramuscular analgesia in terms of efficacy or complication rates
381,CD000238,There is insufficient evidence to support or refute the use of supplemental oxygen for exercise in patients with severe COPD
382,CD004842,"In conclusion, dipyrone is an effective analgesic for the relief of acute migraine pain and associated symptoms"
383,CD006904,"We found no significant differences in mortality or reintubation rates between protocol-directed and control groups in mechanical ventilation-associated pneumonia (VAP ).
Conclusions Protocol-directed weaning from mechanical ventilation is effective in reducing the length of mechanical ventilation in mechanically ventilated patients"
384,CD005331,"This review provides evidence that hypnosis is an effective treatment for conversion disorder, motor type and somatization disorder.
Hypnotisability is not a significant predictor of treatment outcome."
385,CD003812,There is no evidence that occlusal adjustment reduces the occurrence of signs and symptoms of temporomandibular disorders in young adults
386,CD007191,There is insufficient evidence to recommend the use of any prophylactic agent for the prevention of disseminated MAC infection in HIV patients
387,CD000259,There is insufficient evidence to support or refute the effectiveness of feedback alone or in combination with other interventions to improve health care quality.
388,CD004873,There is insufficient evidence to recommend or refute the use of chest physiotherapy in children with respiratory syncytial virus bronchiolitis.
389,CD002962,The results of this study suggest that acupuncture may be a reasonable alternative to pharmacological interventions in post-term pregnancies
390,CD006033,There was no significant difference in BMD between depot medroxyprogesterone acetate (DMPA ) and control groups in terms of serum calcium and osteocalcin levels at the lumbar spine and at the femoral neck.
391,CD008449,The results suggest that mirror therapy may be effective in improving the control function of the paretic arm after stroke.
392,CD007672,"There was no significant effect of the intervention on patient satisfaction or quality of life.
Conclusions There is insufficient evidence to support or refute the use of nurse-led interventions in the management of cancer"
393,CD003082,"There was no significant difference in adverse events between haloperidol and amitriptyline for any of the active agents evaluated in this meta- analysis.
Risperidol is an effective antipsychotic for the treatment of schizophrenia and schizoaffective disorder"
394,CD003713,"There was no significant difference in mortality between rate and rate control therapy in any of the included studies.
Conclusion There is no evidence to support or refute the use of rate versus rate in the treatment of atrial fibrillation"
395,CD004217,There is insufficient evidence to support or refute the use of current anesthetics for neonatal circumcision
396,CD003913,The meta- analysis suggests that CCNU is an effective treatment option for patients with supratentorial malignant glioma who have undergone surgical resection and are in complete remission
397,CD001297,"In conclusion, GnRH agonists are effective in the treatment of endometriosis.
GnRH analogues are more effective than gonadotropin-releasing hormone agonists in reducing bone loss in the lumbar spine and the femoral neck"
398,CD002783,There is insufficient evidence to support or refute the use of locoregional or systemic thrombolysis for the treatment of DVT
399,CD005959,"There was no significant difference in the rate of ulcerative colitis, radial nerve palsy or infection between IMN and DCP for humeral shaft fracture fixation"
400,CD001261,There is insufficient evidence to support or refute the use of the Salmonella typhi Vi capsular polysaccharide vaccine in the prevention of typhoid fever
401,CD004888,There is insufficient evidence to recommend the use of interferon and ribavirin for the treatment of HCV-coinfected patients
402,CD000436,There is insufficient evidence to support or refute the hypothesis that dietary salt increases the severity of exercise-induced asthma.
403,CD004127,The use of sequential noninvasive MV in the weaning of patients with severe hypercapnic respiratory failure (COPD ) is associated with a shorter duration of ETMV and a shorter ICU stay
404,CD005059,The meta- analysis suggests that epidural analgesia is effective in reducing the incidence of perioperative myocardial ischemia in abdominal aortic surgery
405,CD000479,There is insufficient evidence to support or refute the use of surgical varicocelectomy in the treatment of subclinical varicocele.
406,CD004185,This meta- analysis showed that fluoxetine was more effective than placebo in the treatment of depression in depressed outpatients
407,CD009792,There is a high rate of disruption following misoprostol induction in women with previous cesarean delivery.
408,CD008388,There is insufficient evidence to support or refute the use of VRT for the treatment of vision deficits in patients with left hemisphere hemianopia
409,CD001046,There is insufficient evidence to support or refute the use of high-dose methylprednisolone in the treatment of patients with cervical spine injury
410,CD006866,"There was no statistically significant difference between acyclovir and famciclovir in pain and quality of life.
Acyclovir is effective in the treatment of acute herpes zoster."
411,CD000432,There is insufficient evidence to support prophylactic caffeine for the prevention of death or disability in preterm infants
412,CD001331,There is insufficient evidence to support the use of high-dose methylprednisolone in the management of attacks of MS.
413,CD005562,"We found no significant effect of  donepezil  on  cognition.
Conclusions Reality orientation therapy may improve  cognition  in patients with Alzheimer's disease."
414,CD008472,This meta- analysis showed that RIPC significantly reduced myocardial and renal damage following elective abdominal aortic aneurysm repair compared with conventional abdominal repair
415,CD008120,This meta- analysis suggests that adjunctive risperidone and fluoxetine may be efficacious in treating GAD patients who remain symptomatic despite initial anxiolytic treatment
416,CD002073,: Endoscopic laser surgery versus selective fetoscopic laser coagulation for severe twin-to-twin transfusion syndrome is an effective first-line treatment for this condition
417,CD007979,The use of an electronic medical record (EMR ) message or an educational letter to the provider was associated with higher rates of BMD measurement and an osteoporosis medication use.
418,CD006028,The meta- analysis showed that the administration of atrial natriuretic peptide (ANP ) significantly reduced the incidence of acute renal failure and the need for renal replacement therapy in patients with oliguric acute renal disease.
419,CD002113,There is evidence that prompted voiding is effective in reducing the incidence of urinary incontinence in nursing home residents.
420,CD003948,The efficacy of metronidazole gel in the palliation of the offensive odour of fungating tumours was not demonstrated in the studies included in this review
421,CD007872,There is no evidence to support or refute the use of tranexamic acid in reducing postpartum blood lose
422,CD004074,There is insufficient evidence to support or refute the use of delayed umbilical cord clamping to improve iron stores in term infants
423,CD000978,There is insufficient evidence to support or refute the use of topical therapy for the prevention of mucositis in patients with head and neck squamous cell carcinoma
424,CD003940,There is insufficient evidence to support or refute the use of itraconazole for the treatment of oropharyngeal candidiasis in HIV-infected patients
425,CD001036,"The results of this meta- analysis indicate that the Ayre spatula is an effective method for the detection of Papanicolaou smears.
However, there is no evidence that it is superior to other methods"
426,CD007414,"The meta- analysis showed that topotecan was superior to paclitaxel in terms of OS and PFS in patients with stage IIb to IV disease in complete remission after first-line therapy with carboplatin AUC 6 and paclitazel 175 mg/m(2 ).
However, the OS was significantly higher in the Cisplatin group than in the nihil group."
427,CD007887,There is insufficient evidence to recommend the use of methylxanthines for the treatment of headache after spinal anesthesia
428,CD002959,There is insufficient evidence to support or refute the use of toxoid for the prevention of tetanus neonatorum death
429,CD000024,There is insufficient evidence to recommend the use of heparin in the prevention of DVT in patients with stroke
430,CD007394,The Platelia Aspergillus test is a promising tool for the early detection of invasive aspergillosis in hematological patients
431,CD004943,The meta- analysis suggests that omeprazole is an effective prophylactic agent against aspiration pneumonitis in women undergoing elective caesarean section
432,CD006447,The meta- analysis showed that parental presence during anesthesia induction was associated with a reduction in preoperative anxiety in children and their parents.
433,CD006107,There is insufficient evidence to support or refute the use of ultrasound during embryo transfer to improve live birth and clinical pregnancy rates in assisted conception
434,CD007480,There is insufficient evidence to support or refute the use of vitamin A supplementation in infancy to reduce infant mortality in developing countries
435,CD000491,There is no evidence to support or refute the use of a single dose of amoxycillin in the treatment of covert bacteriuria in pregnancy
436,CD003385,There is insufficient evidence to recommend the use of any one form of treatment for bulimia nervosa.
437,CD007345,There is insufficient evidence to recommend the use of antibiotic prophylaxis before ERCP for the prevention of post-ERCP pancreatitis
438,CD003412,There is insufficient evidence to support or refute the use of topical 5% imiquimod 5% cream for the treatment of superficial basal cell carcinoma
439,CD004128,There is no evidence to support the use of hypothermia in patients with coma after out-of-hospital cardiac arrest
440,CD006170,There is insufficient evidence to support or refute the use of any particular pump type or pump design to improve breastfeeding outcomes in women with preterm infants
441,CD003458,The results of this meta- analysis support the use of oral branched-chain amino acids (BCAAs ) in the treatment of McArdle disease.
442,CD008203,"In meta- analysis, rosuvastatin was associated with an increased risk of symptomatic pulmonary embolism and provoked venous thromboembolism compared with placebo."
443,CD001340,The use of extracorporeal circulation in neonates with persistent pulmonary hypertension and respiratory failure is associated with an increased risk of death compared with mechanical ventilator support
444,CD007474,This meta- analysis suggests that striatal D2 blockade is a useful therapeutic alternative to clozapine in the treatment of recent onset psychosis
445,CD004668,There is insufficient evidence to support or refute the use of urine alarm as a treatment for nocturnal enuresis.
446,CD008241,There is insufficient evidence to support or refute the use of interlocking nail for the treatment of tibial shaft fractures
447,CD001059,The results of this meta- analysis suggest that calcium supplementation during pregnancy may reduce the risk of pregnancy-induced hypertension and preterm birth
448,CD003122,The results of this meta- analysis suggest that estrogen replacement therapy may have a positive effect on cognition in postmenopausal women
449,CD010257,There is insufficient evidence to support the routine use of antibiotics in the management of patients with COPD exacerbations
450,CD001691,There is insufficient evidence to support the use of prophylactic phenobarbital for the prevention of brain damage in premature infants
451,CD009110,There is no evidence to support the use of silver dressings over vaseline gauze in the management of DFUs
452,CD003467,The meta- analysis suggests that amantadine is an effective treatment for dyskinesia in parkinsonism
453,CD003774,"In conclusion, prophylactic oral ganciclovir is effective in the prevention of cytomegalovirus (CMV ) infection and disease in renal transplant recipients"
454,CD002214,There is insufficient evidence to support or refute the use of nurse case managers in an acute setting to substitute for acute care for intermediate care in the community
455,CD004495,There is no evidence to support the use of ceftazidime as a first-line antibiotic in neonates with suspected sepsis
456,CD004918,"The meta- analysis did not show a significant difference between the groups in the incidence of adverse events.
Conclusions and Relevance of meta-analyses of the literature suggest that the use of pressure-ridge Molteno implants is associated with a significantly lower incidence of postoperative hypertension compared with the control group"
457,CD001705,There is no significant difference in the incidence of avascular necrosis (AVN ) after peroperative impaction of hip pins
458,CD003420,There is insufficient evidence to support or refute the use of long-term antithyroid therapy in Graves'disease
459,CD002891,The results of this meta- analysis support the use of healthy weight curricula in schools to prevent eating disorders in children and adolescents.
460,CD009118,There is insufficient evidence to recommend the use of polyethylene glycol 3350 or lactulose for the treatment of childhood constipation in children
461,CD008175,There is insufficient evidence to recommend the use of calcitriol for the prevention of secondary hyperparathyroidism in patients with CKD
462,CD004950,There is insufficient evidence to support or refute the use of breastfeeding for pain relief in term infants undergoing heel prick procedures
463,CD007033,"There was no significant difference in FEV1 or FEV2 between the two components and no significant differences were observed between the other components.
Inhaled long-acting beta2 agonists are effective in improving lung function and health status in patients with COPD"
464,CD008216,The results of this study suggest that high-dose chemotherapy with autologous stem cell transplantation is a feasible treatment option for patients with metastatic or refractory MMT
465,CD003009,There is insufficient evidence to recommend the use of neuroreflexotherapy in the management of subacute and chronic low back pain in Spain
